,0,1,2,3,4,5
0,BDCBAEFEB,AADFFEDBA,AEFDBBCDE,ADFFDDCBA,EEECAACEF,EEECAACEE
1,EEEEECBAA,ACDDBCEEF,ACEEFFDAB,AEFECBBCD,FFEDCCBBA,BBBBBCDFF
2,ACEECDDCF,EEEEEDBAA,AABDEEEEE,FFECCBBBA,CBAABDEFF,FFEDCBAAB
3,BCBCFFDAB,FFECAABDE,BBAACDEFF,FEBBAACEF,ECBBDFFDA,ABCDFFFBB
4,ADFEECBCE,DEEEEDBAA,AABDEEEEE,AEFDCDDBA,FDCAABDEF,FFDCAABCD
5,AABCDDEFF,EEEEEDCAA,CAABCDEFF,FFEEDCBAA,AAABCDEFF,FECABDDEA
6,EEDDFECAA,BAABCEEFF,AACEFEEDC,CAAFECDEE,FFECCBBAA,ABABDFFFD
7,BEFFECCAA,FBDBEFDAB,DFFFDCBAA,BDFDBABEF,FFFDBABBB,BABDEBCFF
8,AABCDEFEF,FFFECDBAA,AABCDEEFF,FFDCCBBBA,AAABDEEFF,DDDDDDDCA
9,FFEDCCBAA,CBCAABEFF,BCDEFFECA,CEBABEEEE,FFEDCBBBA,BBBBBCEFF
10,AEFFECBAB,EEEEEDBAA,AABDEEEEE,AEFDDDDCA,ECBAABDFF,FFEDCCBAA
11,AABCDEEEE,EEEDEDBAA,DAABCEEFF,AADFEEEDC,FECAABCEF,ADDDCFEDA
12,EDAABDDFE,CCBCABCEF,ABCDEFEEC,AACFFEDCA,FFECBAABC,EEEEEECBA
13,AADEEEEDE,FFEECBAAB,ABDEEEEDC,AABCDEEFF,FFEEDBAAA,ABCCCDEFF
14,FFDBBAACE,FDDCCABCE,AABDDEEEF,FBAACEEEC,FFFECBBAA,EEBDCEECA
15,AABBEFFEE,FFEEDCBAA,AABDDEEEE,DFFDCCCBA,FECAAACEF,ADEBCCDFC
16,FFDDBDABB,ABBCDDEEF,ACDEEEEDA,CAABDEFEF,FFEEDCBAA,FFEDBBBBA
17,FFDABCCBB,BBABCDEFF,EEEEEDCAA,AABCEFFED,FDAABCDDE,FFCDDDBAB
18,EFFDBBBAB,EEFEDCCAA,BBBBBDEFF,FFEDCBBAA,AABCDEEFF,FFDDCBBBA
19,ABBAEFFEC,FEDDBABBE,AABCDEEFF,FBAACCEEE,FFEDDBAAA,BBABCEEFF
20,BBBBBCEFF,ECAADFEDB,FFBAABDEF,ACFFEDCBA,BAACCDFFE,DEEEFDBAA
21,EDBAACEFF,AABDDEFFB,FFEDCAABB,CDFFEDBAA,AACDDEEEE,FEEEECBBA
22,DBAEFDBCF,FCACFFCBB,EFDBCCEBA,AABBEFEEF,EDFECACDA,AABCDEEFE
23,DEFEDDBAA,CFFDDBAAF,EFEEDBAAB,DCAABDEFF,FECBABCCC,DEBABEECF
24,ADEFFECAA,EDBBABCEF,ADEFEEDBA,BBAABDEFF,FFEECBAAA,AABBCDEFF
25,BDFFEECAA,EDCBAACEF,ACEFEEDBA,BBAABDEFF,FFFEDBAAA,AABBCDEFF
26,EFFEDCBAA,FEEEDBBAB,AACDEFEDE,FFDBAACCC,EAAACEEEF,CBAABDEFF
27,FFDDDBBCA,CCABBCDFF,ABCDEDDFE,DBAACEEFF,FFEEECBAA,BAABCDEFF
28,FFBBCCDCB,FDDDCECCA,BBBBDFFEB,BAABCEFFF,DFFECBBAB,BAABCFFFD
29,ABBBCEFFF,DDDDDFEBA,FEBAABDEF,DEFEDCBAA,AACEFFEDC,ECAACCDFF
30,EEFEECBAA,EDBBAACFF,ACEFFECBC,EEBAABEEF,FFEECCBAA,ABBBCDEFF
31,BDFEEECAA,EEDBAACFF,FFDABDDCA,AADFEDCEE,FFEEDCAAA,DEDAABEEF
32,FFCAABCDD,EFFDCCBAA,BABBCDEFF,FDBAABDEF,CEFEDCCBA,BAACDEFFD
33,DCEBAEFDA,BEEBABEFC,ABEFDBBCE,AAADDEEEF,EEDEEEBAA,DFCAACEEF
34,FEBBBBCDF,ACABEEDFD,FFEDBAABC,CEFFEDBAA,AABCEEEEE,EEEEEDAAA
35,FFCABCBCE,EBABBCDFF,AABBCDEFF,FDAACEECD,FFEEDBBAA,EFEEBBCCA
36,AABCBCEFF,EFECEDBBA,AABCDEEFF,FFEDCBBAA,AABCDEFFE,DEEEFDCAA
37,EBAAEDEEE,ABBDEEFFB,FFECBBABC,DEFFDCAAA,AABDEFEEE,DAABFDFDD
38,FFEDCCBAA,AADDCEFDE,FFEDCCBAA,ACFFEDBBB,DBAADFFEE,BCBBBCEFF
39,CEFFDDCAA,ECBBBBBEF,FFECBBDCA,AAACEFFED,BEDBCBCEF,BBBDDADFF
40,ACCEEBBFE,DBAACFFEC,DAACEEDEF,AABEEEEED,FFEBAACEE,EAACDCCFF
41,DBBABEDFF,CBBABDFFE,FFCEFCBBA,CBAABCEFF,FFECBABCD,EBCDDFFBA
42,AABDEEEEE,FFEEDCBAA,AABCDEEFF,ABEFFEDCA,FECAABBEF,AEFCBECDA
43,FFEDDBAAA,BBABCDEFF,CDDDEEECA,ACFDBBEED,FDEFEBAAB,AABBCDEFF
44,DEDDBABEF,CBACDBCFF,FFEDCDBAA,AABCEFFED,AABBDEEFE,DEEFEDAAB
45,ABDDBBEFF,DBCFFECAA,AABCDDEFF,FEDCBBBBC,DDAABDFFD,ABDFFEABD
46,BBBCBCEFF,EEEBCFDAA,EBAABDEFF,EFFEDCBAA,AACDCFFDE,EEEFECAAB
47,BBBABEFFF,EEEEEDCAA,AABCDEEFF,FFEDCBBBA,AACDEEEEE,ECCDFEDBA
48,FFEEDCBAA,AABDDEFFD,EEEECBAAF,EFFDDCAAA,DBAABCEFF,BAABCEFFE
49,FFECBCCAA,ABCDEEDEF,FEEEDCBAA,ABFFEDCBB,FCAABDEDF,CCCCABBEF
50,AABCDEEFE,EFFEDCBAA,AABCDEEFF,EFFEDCBAA,CBAABDEFF,FFBBCCBEA
51,ABDEEBEEA,ACFEECABF,EDFEEDBAA,BEECAADEF,FFEDCBBAA,CEEBABEED
52,CCEBBFFCA,DFEBACFEB,BBFFCBBCD,AABCCEFEF,ECEFEBAAC,ECDFEAACF
53,ACEFEDCCC,EEFEECBAA,AACDEEEEE,ADFBCEEEB,FECAAACEF,FFEBBBBCD
54,EDBAABEEF,ABCCDEEED,AABBCDEFF,BFFDEDCCA,FFEDCBBAA,FEDDCDCBA
55,BEFFCCDAA,ECBFFEBAB,DFFEDCBAA,ACDBABDFF,FFECABBCB,AABBDEDFF
56,FFFECBBAA,CBEFCCEDA,ABCEECBDF,EFFECAABB,AABCEFFDD,FDCBABCDD
57,AACFFEDDB,FEEEDCBAA,AABBCDEFF,FFFDBBABB,AABCEFFEB,ECBAADFED
58,BBCEEBADF,FFEDDCBAA,AAACDEEFF,EFFECCBAA,BBBABDEFF,FCAACEFEB
59,BCBAADEFF,EFFEDCBAA,ECBAABDFF,EFFEDCBAA,AADEFFEDC,EEBAABDEF
60,ABBADFEEF,DFFEDCBAA,AABCDEEFF,EFFEDCBAA,CBAABCEFF,FFCCDEBBA
61,DDCBEFEBA,BEFFDCAAB,BEFFDBAAB,AABEEFEDC,DDEEFECAA,ACDECACFF
62,FEBAACCDF,AACEDDFFC,FECAABCDE,DEFEDCBAA,AAACDEFFF,FFEDDCBAA
63,DFFEDCBAA,EEFEECBAA,AAABDEEFF,FFFDCBBAA,AAABCDEFF,FFCDACCCB
64,FFDCDDBAA,BBAACCEFF,ABCDDEEED,FCEFDBCBA,FFDBBBBCB,BCDDEDDFA
65,ACDEFFCAB,CCDEFFDBA,BABABDEFF,ABFFEEDCA,FECAABDEF,CECABCDFD
66,AABCEEEEE,EFEEECBAA,BAABDEEFF,FFFDCCBAA,BAABCDEFF,BCDEBEEEA
67,AABFFEEDC,FFDCDDCBA,ABBDDFEED,AAACDEFEE,FFEEDBBAA,BABBBDEFF
68,FFECBBBBA,ABBBCDEFF,ABCDDFDCE,EAABDDEEE,FFEECBBBA,FEDCBBDDA
69,ADFFFEBAA,FEFECCBAA,AABCDEEFF,CFFECCBBA,FFDCAABCC,AABBCDEFF
70,DCBCBACFF,ECDDAAFFB,FEEEDBAAB,ACEFFDCBA,AAADEFFDC,EEEFEDBAA
71,FFFDDBAAA,BBABBCEFF,BEFFEDCBA,AAACFEEEE,FFEECBAAA,ABBBCDEFF
72,FFCACDBBC,EDEFDBBBB,AABCDEEFF,FBAABEEEE,FFEEDCBAA,AABBCEFFE
73,CFFEDCABA,EEEEEDBAA,AABCDEEFF,FFDCCBBBA,BBAABEEFF,CEDECDEBC
74,FFEBBACCC,BDCCCFEDA,FFDCBABCD,ABEFFECBA,AAABDEEFF,FDDDCBABC
75,BDFFFECAA,DCBBABCFF,ADEFEECBA,BBAABDFFF,FFEECBAAA,AABBCDEFF
76,DEEFEEBAA,FFCAACDDD,CFFEDBAAC,EDBAACDEF,FFDBBBCCB,CBABDDEFE
77,AACEFFEDC,FFEEDBAAA,AABCDEEFF,EFFDCCBBA,FDBDDEBAD,BBAACEFEF
78,DCABEFECC,EDCBBBBDF,AABCDEEFE,FEBBBBCCC,FEFDDBBAA,EEEFBBBBA
79,FFEDDBBAA,AABBEEEFE,FEFFDCAAA,ABEFFECBA,ECAABBDFF,BBBABCEFF
80,AACCCFFEB,BEFFECAAC,FEAABDDDE,AAEFFECCB,FEDDFEAAB,ACEDACFFC
81,FFFEDBAAB,ABBCEEEFE,DDEFEDBAA,BDFFDCBBA,FDBBBBBEF,AADBCEDFF
82,EEEFDCBBA,FFEECBBAA,AABCCDEFF,FFDBAABCD,AAABEEDFF,FFCBBACDE
83,FFECBBABC,ABBCEDEFE,FFDAABCDE,EFFEDCBAA,AABCDEEFF,FEEEEBBAA
84,BBBBBDEFF,EEDBEEDBA,DFFCAABCE,ABEFFECBA,AAACDEFEF,DEEEEDCAA
85,FEBABCCCE,AABBDEEFF,FFFDCBBBA,CBAABDEFF,BDFFEDBAA,FFEDCCAAA
86,FEEDEDCAA,ABCEFDEEB,FDEFECAAA,ACFFEDBBA,FEBAACDDE,AABCCFEFC
87,ADEFFECAA,EDBBABCEF,ACEFFEDBA,BBAABDFFF,FFEEDBBAA,AABBCDEFF
88,FFCCCCBAA,AABCDDFFE,AAABCDEFF,FBABCCEEE,FFFEDCCAA,FEEDABBDC
89,EFFEEBAAA,CBBEFEDDA,AABBCEEFF,FFEDCBBAA,AABBCDEFF,FDCCCEEBA
90,ACCFEBEEC,DBAAEFFDC,AADEDDEEE,FFDCBBBBC,FDBCEFDAA,ACEECABEF
91,AABCEEEFE,EEEFDBCAA,FDAABCDEF,DFFEDCBAA,AABBCDEFF,EEEDCCDBA
92,AADDEEEEE,FFEEDCBAA,CAABDEFEE,AABCEEEEE,FFEEDCAAA,CABBBDEEF
93,FFEDCCBAA,CBAEFEFCA,BBAABDEFF,FFEDCBBAA,AABCEEEEE,AABBCDEFF
94,BDEFFECAA,FECBBBBCF,ABCEEFECC,CFEAABEED,FFECBAACC,ABBBBDEFF
95,BEFFEDBAA,DDEFFECAA,AACDEEEEE,AADCCEFFE,FFDBAABDE,DCBAABDFF
96,FFEDDCAAA,CBABBDDFF,AACDEEEDE,FFBAADDDD,FFEDCBBBA,ABBBCDEEF
97,ACBBFFECA,DFFECAABD,FFECBBBBB,AABEEEEED,FECCDEDAA,ACEFCACFE
98,BAABBCFFF,CEDACFEBB,FEBAABDEF,DEFEDCBAA,AACBDEFFD,CEDEFFBAA
99,DEFEECBAA,BBCEFFDBA,AACDEEEEE,FFCBBBBBB,BAABCEFFF,FDBAABCEF
100,FFFECCAAA,AAABCDEFF,BDEFFECAA,FFDBABCCD,FEEEAABCE,BBABCDEFF
101,AABCEEEEE,DEEEDECAA,AABCDEEFF,FFEDCBBAA,DBABBDEEF,ACCBCDFFD
102,FEBACDCDC,CACDCCEEE,AACBDEFCF,BAABCEFFE,FFEDDCBAA,CCABCFEEC
103,CACFDDCAC,AACCBCEFF,EEFFDBCAA,BBDCBBCFF,DBABEFFCA,ACFFDAACE
104,BABCCBEFF,DECEFDABB,CAABCDEFF,FFEDCBBAA,AABCDEEFE,CEEEFECAA
105,EECABBBFF,FDBBAACEF,AABCDEEFF,FEBBABCCD,FFEDCBBAB,FCCDFCABB
106,ABDEEEDDD,FFFECAAAC,ABDEEEEDC,EEAAACEFE,FFECAAACE,ABCCCDEFF
107,DDEFDEBAB,DCBAABDFF,EDCCEDECA,FCBAABDEF,EFFECBAAB,CEFFEBABC
108,ADFFEECBA,FEDCBAACF,ABDEEEEDB,ABBBBDEFF,FFFEDCBAA,AABBCDEFF
109,AABCDEFFF,EFFEDCBAA,AACDEEEEE,ACFDDEEDB,FECBAACEF,DFFEDDBAA
110,FFCBBBBBE,ABBCDCEFF,ACEFEEDCA,FDAAADEFD,FFCDDAECA,FEFDEBBAA
111,FFDBBBBBC,ACABDDEFF,ABCDDEDEF,CCABFFECC,FFEEDCBAA,FFECDCABB
112,ABBDFFFCA,CAADCBDFF,ACEEEEDCB,AABDFEDDC,FFEDBBBBB,AACDFFDDD
113,ABBDCFFEB,CFFECABCC,ABBBCDEFF,FFDCBBABC,EDACEEABF,EFCABDFDB
114,CEFEEDCAA,AAABDEEFF,FEEEEDBAA,ACFFEDBBB,FEBAACDDD,AABBCDFFF
115,FFDAABBCD,BEFFCBBBC,AABCDEEFF,DDABDFEDA,FFEECBAAB,EEEEDCCAA
116,DBAADEFFE,EEDEEDCAA,AACEFFECA,AABCDEEFF,BEFDEECAB,AACEFCEFC
117,EFEEEDBAA,DCBABCEFF,ABDEEEECC,DFCAACEEE,FFEDCCBAA,BBBBBDEFF
118,AABEEBBFF,DBABEFFED,AABCDEEFF,FFEDCBAAB,BAACDFFFC,ABDECADFF
119,AACDEEEEE,EEEEEDCAA,AABCEEEEE,ABFDEEEDB,FFECAABCE,ABABCEEFF
120,FFCCBCCBB,AABCDEEEF,EEEEDCBAA,AABDFFEDC,BBAACEFFF,ADFDDCBCD
121,BBBBADFFF,EBCFEEBAC,CAABCDEFF,FFECBBAAC,AABDEFEDB,EEEFECBAA
122,FFDBABBCD,AABCDFFEB,FFEDBAABC,CEFECAABE,ABDEEEEDC,FFEEDBAAA
123,CFFDBBABE,DEEEEDCAA,AAACDEEFF,EFFDCCBAA,CBAABDEFF,FFECCBABB
124,FFDCCCBAB,ABBCCDDFF,AACDEEEED,FEFFDBABA,BAABDEFFE,DCFDEDCDA
125,AACDFEEDD,FDFEDBAAE,ABCDEEFEA,FEDCBBBBC,AABBDEEFF,ABBCCEECF
126,ACEFFEDAB,FFFDCCAAB,AABCDEEFF,FFDCBBBBB,AABDCDFEF,CBAAAEEFF
127,ABCCDFEFD,FFEEDBAAA,AABCDEEEF,FFECCBBBA,CBAABCEFF,FFFCDCBCA
128,FFCAABCCD,BCAACCFEF,EFCBABDED,AACEEFEEC,FEDDBABBD,FFEECCCBA
129,FFFEDBAAA,ABCDEFFCA,AABCDEEFF,FFDCCBBBA,AABCDEFEE,FFDBABBBD
130,AABCDEEEF,EEEEECBAA,AACDEEEEE,ABFDDEEDB,FECAAACEF,EFFDDCBAA
131,EFFEDCBAA,AAABDDEFF,BCDEFFDAA,ABECBBEFF,FFEECBBAA,BBBBBCEFF
132,ACEFEECAB,FFEEDCAAA,AABCDEEFF,FFDCCBBBA,AAABCDEFF,EBABDBFEE
133,DAEDBDFDA,BEEEEAABF,FBCDFDBAB,AADBEEDDF,FDCDFDAAD,FBACFCACF
134,ADEFFECBA,EDBBAACEF,ACEFFEDBA,BBBABDEFF,FFFEDBAAA,AABBCDEFF
135,EFFEDCBAA,FEDECAABE,ABDEFFDAB,EEBAACEFE,FFEEBBBBA,BBBBBDEFF
136,ABBDDFECD,EEFFEDBAA,AABBCDEFF,DFFEDCBAA,DBAABCEFF,CCBABEEFC
137,AABDEEFEE,FFEEDDCAA,BAABCEEFF,EFFDCCBAA,AAABCDEFF,EEEDCEEBA
138,AACDEEEED,FFEEDBAAA,AABDEEEEE,AEFCCCEDB,FECBAABDF,AACCEEFED
139,ACDFDFFBA,EFEABCBCD,ABDDCBDEF,FDAABCDEE,DCDEBADFC,AACEDBEFE
140,CCAACDEFF,CCCEEFECA,FFCAABCDE,CDFFEDBAA,AAABDEEFF,FFEEDCBAA
141,DCFFCAADE,CABFFCBCF,FFECCCCAC,FABCBBCFF,DDDFFCBAC,EEBAACEEE
142,FFECCBBBB,FEDCCBBAF,AABDDEEEF,FBAABDEEE,FFEECBAAA,CBBCEFFDB
143,AABCEEEEE,FFEEDCBAA,BAABDEEFF,BEFFDDCBA,CBAACDEFF,BEDCEFDCA
144,FFDCCCBAA,ADCABEFED,BBACEDDEF,AAACEFFED,FFEDDCBAA,ECCDBCBFB
145,EDBABCDFF,EEEDECCAA,AABBCEFFF,BBBCDFFEB,FFEEDBAAA,EEDDEDCBA
146,EFFEDCBAA,CBABCCEFF,ABDEFEEBB,DDBAACEFF,FFEDCBBAA,BBBABCEFF
147,BDEEEDABE,DAACFEEDC,AEFFECABD,FEBAACDED,CBBDFFCDA,BAADEDCFF
148,DFFEEDBAA,AAEFFDCBD,EFFDDCBAA,CCAABCEFF,FDBCABCEF,EDAABDFFC
149,EECBABCEF,CDEEFECAA,AAACDEEFF,FFEDCBBBA,BAABCDEFF,FFEDCBAAB
150,BBABBDFFF,DBDAADEFE,FFDCAABCD,EFFEDBBAA,ABBBEEFFE,CCECDEFBA
151,ACEFFECBA,FECBAABEF,ACEFFEDCA,ABBABDFFF,FFFEDBBAA,AABBCDEFF
152,BCBDFEABF,FECAABDFF,EBAACCEFF,FFEDBBBAB,FFDCDBABC,BABEFEBDF
153,BACEBBFFC,BABEFFDCC,ABCBCDEFF,FEBABCCCC,CEFFECAAA,CEFCACEEB
154,FECBBBAEF,FEDEDABBA,AABCDDEFF,FFBAACCCD,FFEDCBBAA,DFEEECABA
155,ADEFFECBA,FECBAABDF,ACEFFEDBA,BBAABDEFF,FFFEDBBAA,AABBCDEFF
156,FFDBBCBBC,DCAACCDEF,AACEFEEDC,DAAEDDCEE,FFEDCBBBA,ABCBCCFEE
157,AACDEEECF,CCEFFDDAA,FCBBBBCEF,ABFFEECBA,EDAABBDEF,FFDCCBBBB
158,FFCCDBBBC,EDCBADCCF,ABCDEEFEB,AAACEFEED,FFEECBAAA,AABCCEFFE
159,CDEEFECAA,ECAABBCEF,AEEEEEEAA,AEFECBBCC,FFEDCBBAA,ABBBCDEFF
160,AABDEEEFF,DEFFDDBAA,DBAACDEFF,FFEDCBBAA,AABCDDEFF,FEECDDDBA
161,FFECBCBBB,CDABDCDCF,AACEEDEEE,DAAACDEFF,FFFEDCBAA,BCBABDEFF
162,DEEEDFCAA,EFABCADEE,ABCCDEFFC,FBABCDCEF,BCEEEABFD,BDEBACEFE
163,EEFDDDCAA,EBBCCDFEA,EDDDCBAAF,DFFEBABBC,AABCDDEEF,EDBAABDEF
164,CBEECFDAA,BEFECAACF,FEEBBDBBB,AAEEBCFED,CFFCBACEA,BABDECEDF
165,FCAADDEDE,BDDEEEDBA,ACDDDCECF,AABCEEEFE,FFFECBAAA,EBABBEEFD
166,FFEDDCBAA,AACBDEDFF,FEEEDBAAA,BDFFEDBAA,DCBBAADFF,BDEACBCDF
167,FFDBAABDE,ABCBCFFFD,FFEDBAABC,EFFEDBAAA,AACDEEEEE,FFEEDBAAA
168,FECDCAADF,CFCBCEABF,FFEDBBBAB,DBAACEDEF,BDFFCABDC,FFEDCBABB
169,AEFFEDBAA,DEEFEDBAA,AACDEEEEE,BEDAADEFD,FEDBAABEF,CBBABCDFF
170,FFDBBBBBC,AAACDEEEF,EEEEEDCAA,BAABDFFEE,EAABDEFEE,BBBCBEFED
171,ADEFFECBA,EDBBAACEF,ADEFEEDBA,BBAABDEFF,FFEECBAAA,AABBCDEFF
172,CDEDFDABD,EBABEECDF,AADFFDBCE,DFECBAADF,FFEDDCAAA,BBEEABEFD
173,FFDCCBBBB,AABCDEEFF,EFEEDDBAA,AABDFFEDC,AABDEFFEB,AACEFFECC
174,FECCBAADF,EFDCDCAAE,FFEDCCBAA,ABEFDBBEF,ABDFFCBDC,FFEDBAABB
175,AAEFEEDCB,CDBBEEDDB,ACCEEEEDB,AABCFFEED,FFEDBBBBA,AABBBDEFF
176,FFECDCAAB,BBABBDEFF,ABCEEEEEE,AACEFEEDB,FFEDCBBBA,DDEDDFCAA
177,ABCBCDDEF,DEEEEDBAA,AABCDEEFF,FFEDCBBBA,CBAABDEFF,FFECCAABB
178,FFCAABBDE,BABBEFEEC,FDCAABDEF,EDBAABDFF,BEFEBBDCA,EEDDEECAA
179,AAFFEECBB,DABCCDBDF,ABCDDCCFD,BBABDFEEE,FFFDDBBBA,FECCACECC
180,EFFEDCBAA,BCEEFEDAA,AABCDEEFF,FFECCBBBA,BAABCDEFF,FFECBBBBB
181,FFECBBBBC,BBBBBCEFF,CCCDFFCBA,AABCDEFEE,FFEECCBAA,FFEDCCAAB
182,ADDFFDDBA,EEEEEDBAA,AABBCDEFF,FFECBBBBB,BAACCDEFF,EDBAABDFF
183,ACEFFECBA,EDBBAACEF,ADEFEEDBA,BBBABDFFF,FFFEDCBAA,AABBCDEFF
184,ADEFFECAA,EDCBAACEF,ACEFFEDBA,BBAABDEFF,FFFECBAAA,AABBCDEFF
185,BDFEFBADB,DCBAABEFF,FEBBBDDCA,AACDCCDFF,EFFCCCDCA,AABCCEFEF
186,FEAAADEDD,ABCCBBDFF,FFDDDEDAA,ECBAABDFF,FDACCBCDD,BCDEFEDAA
187,ABEFFEDBA,FFEDDCBAA,AAABDEEFF,DFFDCBBBB,ABEEADFFB,DBDDBBAEF
188,ECAFFDBBB,FEEDCECAA,AABDEEDFF,CAABCEFFF,FFFEDCBAA,AABDEEFEE
189,FDBAABDEF,ADECEFECA,FFDCAABCD,CEFFECBAA,ABEFFEDCC,EEFEECBAA
190,BDEEDFBAC,EBAEECACF,DDCEFFBAB,BEFCAABEF,FFECCBCBA,EEBAADEDF
191,AABCDEEFF,EEEFDDBAA,FEBAACDEF,CEFFEDBAA,BAABCEEEF,EDFDDDDAA
192,BDFEECDBA,DBACEDDDF,BEFFEDBAA,CEDBABDFF,FFFDBBAAB,ABCEDADFF
193,EFFEDCAAA,CEEFEDBAA,AABCDEEFF,FFDCBBBBA,AABBDEEFF,FFECBBBBB
194,ABCCDCDFF,FFEBBCCBB,ABCCDEEEE,DECABEEEC,FEEEDDBAA,ACDCADFFD
195,AABBEEFEE,EEFEECBAA,AABDEEEEE,BFFDCDCBA,EDBAABDFF,FFECCCCBA
196,ABDDEEDEE,EEEEECBAA,AABDEEEEE,AACDEEEEE,FFECAABCD,BFFFDCAAC
197,ABDDBAFFD,BABEECCEF,FFCAABDDB,FECBBBBCE,EFFECBAAB,DEFDBABDF
198,CABFEBBFE,CBDFDBADF,FBACFEEBA,ABADDDFFE,CFFCBCECA,BDFEAABEE
199,DFFECAAAD,DEEFEDBAA,AABDEEEEE,FFDCBBBBA,BAABCDFFF,FFDCABBBD
200,ABCBEFFCC,FFEBBCAAD,BBAABDEFF,FFEDCBBAA,DEFEBABDF,FEABDFEAB
201,AABEDBCFF,FDADECABE,AABDDEEFF,FECBBBBBD,DBABDFFEB,ABDEFFCAB
202,FFDBBABCF,AADFEEEDC,FFEDBAABC,BCFFEDCBA,AABCEEEEF,FFEEECAAA
203,ACEFFECBA,EDBBAACEF,ACEFFEDBA,ABBABDFFF,FFEEDBAAA,AABBCDEFF
204,FFDBBBBBB,AAABDEEFF,EEEEDDBAA,AACEFEECB,AABCEEEFE,BBEFCDDAE
205,FEBADECBD,EDCCAABEF,AACEEEEED,BABEFEDCB,FFECBBBBB,CCEFEDEBA
206,CEFFECCAA,EEFEDDCAA,AABCDEEFF,FFDCCBBBA,AAABCDEFF,FEEDACBDC
207,DBFDAAEFC,BADFDABDF,FACDFBABD,AEFBAECCE,EEDCEFDAA,DFCABEFCA
208,ABDEFFCDB,DEEEEECAA,BAACDCDFF,BEFEDCBAA,FFDBAABDD,AABBCDEFF
209,EEEEEDBAA,FECBAABDF,AABCDEFFC,FCAABCDEF,EFFFDBBAA,ABABCCEFF
210,FEBACDCBC,BBBBCCEFF,ABBDFFECB,CACFFDBCB,FFEBBBBBB,EEDEECCAA
211,FFEDDBBAA,EEEEECAAA,AABCDDEFF,FFDBBBBCC,AACEEBDFE,DCBAACEFF
212,AADEEEEED,AAACDEFFF,FFEEDCBAA,AACEFFEDB,BAABCEFFF,AABCDEFDE
213,EFEEEDBAA,FCBBABEEE,BCDEFFDAA,AEFECACDB,FFEDBABBB,AABBCDEFF
214,EFFEDCBAA,BBACCDEFF,BDEEEEECA,AAEEDDEDD,FFEDCBBAA,ABABCDEFF
215,ABCCCDDFF,EEEEEDBAA,AABDEEEEE,BFFECCCBA,FECAABDEF,EDBABBBEF
216,AACEFEDDD,FFEEDCAAA,AACDEEEEE,FFCBBBCCB,ECBAABDFF,ADEECEDBC
217,FFECBBBBC,ACCBBCEFF,DCBAADFFC,BAABCEEFF,FEEDEECAA,FEEECCBAA
218,BAABBEFFE,EBBFEDBCB,AABCDEEFF,FFEDCBBBA,ABBCEEFED,EEDEFEBAA
219,EFEEDCBAA,CCBBBBDFF,BBBCEFFDA,CECAADEFF,FFFEDBBAA,CBBBBCDFF
220,BCBABCFFF,DDEEEECAA,CAABCDEFF,FFEDCCBAA,AADEEDDEE,ABBCDEFEB
221,CBBACDEFF,CBBACEFEE,FEFEDBBAA,AABBCEEFF,FFECBAACD,CCDDFFBAB
222,AABCEFEEE,FFFEDCBAA,AABDEEEEE,CFFCBCDBA,EDBAABDFF,ACEFFCCCA
223,FFDBAABBD,AABDEFFEC,FFECAABCD,EFFEDBAAB,ABEEEEDCD,FFFEDBAAA
224,AACDEEEEE,FFEDDCBAA,AABDDEEEE,FFDCCBBBA,AAABCEFFF,EDDDCECDA
225,FEEDEDBAA,ADCBBCEEF,ABDEEEEEC,AAAEFEEDC,FFECCBABB,ABCEFEECB
226,AABDCEEFE,AABCDFEFD,FFEDCBBAA,AACEFFEDC,AABCCDEFF,EDBBAADFE
227,EFFEDDBAA,CAABCCEFF,CEEFEDCAA,AACEEEDEE,FFFEDCBAA,BBBBCDEFF
228,ABCDEEFEC,FFDDCBBAB,AABCDEEFF,DAABCEEFF,FFEEDCBAA,ABBCEECEE
229,ACCCEFFCA,BAABCEFFF,EFEEDDBAA,AABDFFEDC,AAABCEFFF,AABCFFEFC
230,AABCEEEEE,FFEEDCBAA,AABDDEEEE,FFECBBBBA,DCAABCEFF,AABDEFEEB
231,FEBAABCEF,CDDDEEEBA,FFDBAABDE,DFFEDCBAA,AACDEEEED,FEEEEDBAA
232,DAAFECADF,EBABDFFCA,BCEFEBABD,BAACDEEFF,EFEFEBAAB,EDBAACEEF
233,CEEFEEBAB,FDAAECEDC,BFFDCAADE,BABEFFDCC,ACDEFEBBD,FCABCDCEF
234,EFFEDCBAA,ABBBCCEFF,BBCDEFFDA,ADFCACBEF,FEEEDCBAA,DCBBABCFF
235,AABBDEFFE,EDFEDCCBA,AABCDEEEF,FFEDCBBAA,CBAADEDFF,DCDEEFDBA
236,EFFEDCBAA,BBABBDEFF,AACEEEEDD,EFDAAADEE,FFEECBAAA,BBBBBCEFF
237,FECAABCEF,BCDDEFECA,ECAABDEFF,FFEDCBBAA,AABCEEEEE,FEEEECBAA
238,FFDBCCCBA,AAABDEEEF,FFEEDCAAA,AACFFEDCB,AAABDEFFF,BDDBFFDBC
239,FFEDCCBAA,BBABCCEFF,ADEEEEDCA,AABCEFFEE,FFFEDCBAA,BAABCDEFF
240,FDBCBBADF,BBABCFEFD,DCCEFFDBA,AABCDEEFF,BCFEDDCCA,EDDDEFEAA
241,FFDBAABDE,AACDDEFED,FFEDCAABB,CEFFDBAAD,AACDDEEEE,FFEEDCAAA
242,ADEFFECAA,DCBBABDFF,ADEFEDCBA,BBAABDFFF,FFEECBAAA,AABBCDEFF
243,BEFDCECBB,FECDFDCAA,AABCDEEFF,FFECCBBBA,BAABCEEFF,DEEBCEEBA
244,FFEEDCAAB,DFFECBAAB,BEFFECBAA,AADFFEDCE,EECAABDEF,ECAADFFDB
245,CAAFFEDDA,AACEFECDE,FECCDFDAA,FDAADCCFE,CBDFFDBAC,EEBAADEDF
246,FFEDCBBAA,BBBBBCEFF,ACEFFEDBA,AABDEEEED,FFEDCBAAA,BBBBBCEFF
247,CEEEDAAED,EBAABDEEF,DFFEDBAAB,ECAABCEFF,FFDBBBCCB,ABDEEACFE
248,DEFEEDBAA,CCABBCDFF,EEFEEDBAA,AAEEEEEDC,FFECBBBBC,AABCDEEFF
249,AFFDEDBAB,FEEDCDCAA,AABCDEEFF,EFFDCCCBA,FCBABCEFF,BBBABDDFF
250,ABDDFCDFC,CAACEFEED,EDBEFECCA,AACFEDCDE,EFFEDBAAA,BAACCDFEF
251,EEEDEECAA,BABBCDEFF,CEFEEDCAA,BAABDFFEE,FFEECBAAA,ABBBCDEFF
252,ADEFFECBA,EDBBABCEF,ADEFEEDBA,BBAABDFFF,FFFECBAAA,AABBCDEFF
253,BABBBDFFF,EDCFFDBAA,EEBAABDEF,EFFEDCBAA,AABDDDEEF,DDEEEECAA
254,AABCEEEEE,EEEEECBAA,CAABDEEFF,FFFDCBBAA,BAABCDEFF,EADCEDECC
255,ADEFFECBA,EDBBAACEF,ADEFEEDBA,BBBABDFFF,FFFEDBAAA,AABBCDEFF
256,CDEEECAAE,ECAACFFDC,BEFFDCAAC,EDBAACEFF,FEDDEBAAB,BCDCACEDF
257,AABDDEEEE,FEEEDDCAA,BAACDEEFF,DFFEDCBAA,FDAABCDFF,ABBDEFFEB
258,FECDCAACF,FFDCCEBAC,FDBAACDFF,FECBAACEE,ABEFDBCED,EEFEDBAAB
259,CEFEEDAAA,EEEFECAAA,AACDEEEEE,FFDBBBCBA,CBAABDEFF,FFEDCBBAA
260,CEEFDEEBA,BFFECCBAC,BDCDEFECA,AACFEEDDE,FFEDDCAAA,BCEBACFEF
261,BFFECCBBB,CCDEEEECA,CBAABDEFF,EFFDCCBAA,AABBCEEFF,CDCABFCFD
262,BABDDBDFF,DABFFECDA,AABCDEEFF,FFEDCBBBA,ABBCEFFDD,EEEEFDBAA
263,ECAACCEEF,EEEFDBABA,AABCDEFEE,AABDEFEED,FFEDCBAAA,CDEFBEDCA
264,FFECCBBAB,DCAABEFFE,CBBAACEFF,FECBAABDE,EEFFECAAA,CABCBCEFF
265,FFCABCBBD,CDBACDDDF,AABCDDEFF,FCABDEDCA,FFFDBABBA,EDCBAACFF
266,EFEEEDBAA,BAAEEFFCD,AACDEFFDB,DFFCABBCB,FFEDBBBBA,BBBBBDEFF
267,CBBABDFFF,EEEEEEBAA,EBAABDEFF,FFEDCBBAA,AACEEEEDD,CBDDFEDAA
268,BAABCCEFF,ABDEFFDCA,FFEEDBAAA,BCEFFDCBA,AACDEEEEE,EEEEEEBAA
269,DEFFEBDBA,ABEECDCEE,EEDBBACFD,BAABEFFED,EEEECDDAA,DCCDAAFEE
270,EFEDDDCAA,BBABCCEFF,DEEEEDCAA,AABCFFEDD,FFDCBBBBA,AAABCDEFF
271,FFEEDBBAA,CAACEEEEF,ABCDEFFCB,CFEBAADDD,FFEDDBBAA,BBABCDEFF
272,FEDDDCBAA,BBABCDEFF,EEEEEDCAA,AABDFFEDC,DBAACDEEF,ADDBEEDDC
273,FFEDCBAAA,AABCCEEFF,ACEFFCCCB,AABCDEEFE,FEFEDCBAA,EFEFCBAAB
274,AABBEFEEE,BAEFEEBCC,DBAACDEFF,FFEDCBBAA,AACDDEEFD,DEEEEDCAA
275,AACEFFEDB,FFDBABBCC,FEEDCBBBA,AACEEEDEE,FFFEDCBAA,EDBAABCEF
276,CEFEEDBAA,FFECBAABE,AACDEDEEE,FFCBBABDD,FEBABBBEF,BABBBDEFF
277,EAEEBBFDB,BEEBACFDB,AEFCCCEBB,BACFBEDCF,DCDFDAAEC,ACFDADFCC
278,FEBABBCEF,AACCEEEEE,FFEDCAABB,EFFDCBAAC,AABDEEEEE,FEEEDCBAA
279,ECBAABDFF,BCEFFECBA,FECAABCEE,DFFEDCBAA,AABDEEEEE,FFEDCBBBA
280,AABCDEEFF,EFEEDCBAA,AABDEEEEE,ADFDDDECA,FEDBAACEF,CFFCBBCCB
281,CBDFFECBA,CDADFEEDA,BAABCEFFF,FCAAACEFF,BDEFFECAA,AABCCDEFF
282,BBCDCACFF,DCBAACEFF,FEBABCCDE,CEFEDCBAA,BAABDFFFC,AABDFFCCE
283,FEAABDDED,DDCBABCEF,AACDEEEEE,BBDFFDCBA,FFDCBBBBB,EEFEBCCBA
284,FEBACDBFD,FDDCBAADF,ACEEFEDCA,AAACFFEDD,FFEDCBBAA,ABBCEFEDD
285,AACDCBCFF,FFEDAADCA,FFDBABBCD,AABDFFEED,FFDAABCDC,BDEFFCAAC
286,ADEFFECAA,DCBABBDFF,AEEFEECBA,BBBABDEFF,FFEECBAAA,AABBCDEFF
287,FFECDCAAA,AABBCDEFF,AABCDEEFF,FCAABCEEE,FFEDDCBAA,DCBAACDEF
288,FFDCABCDB,AACEEFFCA,FDAABCEEF,EFFEDCBAA,AABDEEEEF,FFEDDDBAA
289,CCCDADFEA,AABEFEEDC,AADFEDDEE,ACDCFEDCE,FECBBACEF,CAABCEFFC
290,BCBDACFEC,CCBAACEFF,DCEFEDCAA,AAAEFEEEE,FBBCDBDFB,ACCABDEFF
291,AADDEFDAD,FEDAABEED,FCBABCCDD,AABCEEEEE,FFEDDBABB,BDECACFFC
292,FFEEECBAA,BAABBCEFF,ABCCDDDEF,FBAACCEFF,FFEDCBBBA,BBABBCEFF
293,CFFEDCBAA,FFECCBABB,BCDEFFDAA,ABFFCBDDE,FFEDCCBAA,ABBBCDEFF
294,FFEDDDCAA,CCBBBBDFF,ABDEEFDDB,CAABCEEFF,FFFEDBBAA,BBBBBDFFF
295,FECABBBDE,AABCDDEFF,FFEDBAABC,DFFEDCBAA,AABDEEEEE,FFFECBBAA
296,CCFDCFCAD,FFECAABCE,FFEDBBBAB,AABEEFEED,FEEEBAACF,EEBAACEFE
297,FFFDDCBAA,AACEEEEED,BBDFEEDCA,CFFEBABBB,EBAACEEEF,BBBBBCEFF
298,FFEDDCBAA,ABBDFEDED,FEEEDBAAB,ABEFFEDBA,ECAABDDEF,AAECCDEEF
299,DFEBDBDCA,EFEEDCBAA,BBBABCEFF,EFFFDCBAA,AABCDEEFF,FFDAACBCC
300,FFDDDCAAA,AABDCCDFF,ABCEFFEDB,EAACBFEDD,FFEBABCCB,ABBCCDEEF
301,BBBCBBFFF,DBABEFECB,ADFFECABB,AABEFEEDD,FFEDDBABC,DEEBACEFB
302,FFEDCBAAB,AABBDEEFF,FFFECBBAA,BDFFDBABD,EFFDCCBAA,FECCAABDE
303,ACEFFECBA,DCBABBDFF,ADEFEECBA,BBAABDFFF,FFEEDBAAA,AABBCDEFF
304,DDDFECAAE,DCBAABDFF,FFDBBBBBC,DEFFECBAA,DEFFECBAA,ACEFEAACE
305,EDBAABCFF,EBAACDFFC,FFDBABCDD,EFFEDCBAA,AABDEEEEF,FEEEEDCAA
306,CBEEEEEBA,ADEBABFFD,ACFFCABEC,BEBAECBDF,FDCCFEBAB,EEAABEEFB
307,DBFDAAFEB,AADFEECCD,CFEBCCEAB,FBACBBBEF,EDCCEFCAA,DFDACFFBA
308,EEBABCDEF,EEDDBACBE,AABCDEEEF,EBAACFFED,FFEDCBAAA,ABBBDFFEB
309,FFEBBBBBB,BBABBDEFF,ABCEEEFDB,BBCFFEDBA,FEDDBBABC,FFEEECBAA
310,ECBBBADEF,FECDBADEB,FFDAABCDE,FFEDCBAAB,AABCEFECC,EEEFECAAA
311,DBADFEBBE,FDBACFEBA,BFECBDEBA,ABABEDDFF,BDFFCABDC,CBDFEAACF
312,EFFEDCBAA,AABBCEFFF,ECDFFDCAA,BEFFDCBBA,FBABCCCEF,BBBBBCEFF
313,ABCCFFECB,FFECAABDD,AABDDDEFF,DFFDDCBAA,DEECAABEF,EEBABEFEA
314,BABBEEDDF,EEEEEDBAA,AABBCDEFF,FFFDDCBAA,AAABDEEEF,FFEDCAAAB
315,BEFEEDBAA,BBAABEFFE,DDEFFDBAA,AABEFFDCC,AAABCEFFE,CAABDEFFE
316,EFFDDDAAA,ABCCCBCFF,FFECBABDB,DAABCDEFF,DCCEFFCAA,BCEEBACFF
317,BDEEFAAEB,EEBABBCEF,BCCBACEFF,FDBABBDEE,CDEFDAACE,DEDAABDEF
318,FFEEDCBAA,BABBBBEFF,CDEFEECAA,DEBABDEEF,FFEEDCBAA,ABBBBDEFF
319,AABCEEEFE,FEEEEDBAA,AABCDEEFF,EFEEDCBAA,ECAABCEEF,ABBCDEFED
320,FEBABBBDF,ABEEDDFCD,AACEEEEDC,CAACEFEDD,EDBDBDBED,FFEEDCBAA
321,CEEEEECAA,BEBAEECBF,EDCCFFDAA,BDEBAADFF,FFEBBBBBC,DCEEBABFE
322,FFEDDBBAA,FECCAABCE,ABDEFFEAA,DECAABEFF,FFEDCBABA,CBBABCEFF
323,DFFEEDBAA,ABABDDEFF,FFEEDCAAA,ABEFFEDBB,FFEDBBABB,AABBCDEFF
324,AABDFFEDB,DDEEECEBA,FCBAACEFF,BDFFEDCBA,AAACDEEFF,FDDCABEDB
325,EFFEBDBAA,ACDBBFFEB,EDCFBAACF,CBBBBCEFF,ECDEFEDAA,BBABCEFFE
326,AABCEEEEE,EEEEDDBAA,BAABCEEFF,FFEDCBBAA,AABCEEFEF,FEEECDCBA
327,ABCBCFFEC,BDFFECAAD,FEACFEBAB,AACFFEEDB,FFDAAACEE,CABDFFEBB
328,AABCDDEFF,EEEEEDBAA,AABCDEEFF,EFFDCCBAA,BAABCDEFF,FEEEECBAA
329,FFEDDCBAA,AABBCDEFF,BDEEEEEAA,CABFEDDEE,EFEEDCBAA,BBBBCDEFF
330,CAADEEFEB,ECBABBDEF,ABCCCCEFD,EBAACDEFF,FFEDCBABA,ABBBDCEFF
331,ADFFFECAA,DCBBBBDFF,BEFFEDCBA,BBAABDFFF,FFFECBAAA,AABBCDEFF
332,FEBABBCEE,BAABCEFFF,FFEDBAABC,BDFFEDBAA,ACFFFECBA,EFCAABEFC
333,FFEBBBBBC,AABCDEFFE,FFEDCAABB,DEFFECBAA,AACEEEEED,FFFECBABB
334,ABBCDDEFF,EEFEDCBAA,AABDEEEEE,EFECCCCBA,ECBAACDFF,FFFDCCBAA
335,DEFEEAADA,AAEEDDEED,AACDFFECA,AACFECDEF,EFECBDECA,ACBADBDFF
336,DBBCBACEF,EBCBADFEB,FEFECBAAC,DFFEDBAAC,ACBBDEFFC,CEDEFDCAA
337,FFBBCCBBB,ACCCEDFFC,FFDCBABCD,FFECBAADE,AACEEEEED,FFECBABBC
338,FFEDCBAAA,BBBBDCDDF,ABCEEEFCC,FFCAABCDD,FFEEDCAAA,DCBBBBCFF
339,AABDEEEEE,EFFEDDCAA,DAABCEEFF,DFFEDCBAA,DBAACDEFF,ACBCEEEFB
340,BBBCBCEFF,EDEACFDCA,ECAABDEEF,DFFEDCBAA,AABDDDEEF,DCEEEFDAA
341,FFECDCAAA,BBBBCDEFF,ABDEFEECB,EEFFEBAAA,BCDFFFCAA,CCCCBAEFF
342,BABACEFFE,DBBEFEDCA,FEBAABDEE,CEFFEDBAA,AABCEEEEF,ECCEDFEBA
343,AABCEEFEE,EDFEDECAA,FCAABDEEF,ABEFEEDCB,DBAABDEFF,ACDDBDFED
344,FFEDDBAAB,ABEFEEDDA,CBBABCEFF,FFECBBABB,AABDEEEEE,CCCABEEEE
345,CEEEECDBA,AFFFCCCBA,ABCFFFDBA,AABEFEDDE,EEFFDBAAA,ABDEDADFF
346,ADEFFECBA,ECBBABCEF,BEFFEDCBA,ABBBCDFFF,FFEECBAAA,AABBCDEFF
347,EFDBDEDBA,FFDCAAACE,ACEEDDBFC,BAABDEFFF,FFEEDCBAA,ABBBCCEFF
348,EEDEDBECA,AEFCCDBCF,BCCBABEFF,FECAABCDD,CCCDDFFCA,ACECACFFE
349,BDEEFCEBA,ACFECABEF,EBFFDBBCB,AABBCEFFE,EFFECBAAA,ACCABEEEF
350,AABCDEEFE,EEFFEDBAA,CAABCDEFF,FFEDCBBAA,AABCDEEFF,ECBAAEFFB
351,FFECBBBBB,BBABBDEFF,DDEEEEDBA,ABEFEDBBC,ABDFFEDBB,FFECCBAAB
352,FFDBCCBAB,BABCDCDEF,ABCEEFFDB,ECFFCCABB,FFECBDCBA,AACCDDEFF
353,DEFEFCABA,AABEDBEEF,ABDECDEFC,EBAACEFEE,EEEDEEDAA,ACEEBADFE
354,FFDABDCCB,EDAABBDEF,AACDEDDFF,EBAABDEEE,FFEEDCAAA,CBBAADFFF
355,FEAADCDCC,CBAACDEFF,FFEECAABB,ACFFEDCBA,AAACEEEEF,CBABBDFFE
356,FFECBBCBB,BECEDEFBA,CBAABDEFF,FCAAADEEF,DFFFCABCC,AABCCDEFF
357,CBBCDBBEF,FDEDBEDBA,DBAACDEFF,FFECBBABC,AACDFFBBE,EEFFDCAAB
358,AABCEEEFE,FFEEDCBAA,AABCDEEFF,BEFEDCCBA,ECAABCEEF,ACDDEEEDA
359,EBBFEEDAA,ADDADEBDF,EFCDEBBDA,EEAADFDCD,EECAADFEA,ADFEBABFE
360,FFEDCBAAA,AABBCDEFF,ADEEEEDCA,FEDEEAACC,FFCBBCCDA,BBABCEEFF
361,FCBABDEEE,AADCEDEDD,ABBEEECDE,AAEFEBDDD,FEEEDBBAB,DFFDDBCAB
362,EDBADFFCB,AADFEDEEB,BFFBADECB,CBABECEFD,FFCAAADFD,FDCEBABEE
363,FFFEDBBAA,AABBDEFFE,FFDCBAACD,BDFFEDCAA,CAABDEEFF,DDDAABBEF
364,FFEDCBBAA,BBABCCEFF,AACEEEFED,FEBFDCCAB,EEEEECBAA,FFECBCACB
365,DDDCEFCAA,CCBBBBCFF,AABDDEEFE,FCAABCDEE,FFEDCBBAA,ABABBEFFF
366,ABBDFEBDF,FEBABEEDB,AABCDEEFF,CFFEDDBAA,EFEBABDEE,BACEFCBEE
367,DEECCADDB,BABBCCEFF,AABDDEFEE,FCABACEEE,FFEBABCCB,CCAABDEEF
368,CBBCBBDFF,ECEBADFCC,DDAABCEFF,FFEDCBBAB,AACBDEEFE,DEEEFECAA
369,FECAAECBE,CCEFEDDBA,CBAABDEFF,DFFEDCBAA,AAABDEEFF,FFBBBBBDD
370,CDEFFDDBA,FFEDDBAAB,AACDDCDFF,FFECBABBC,DEFFECAAA,CCBABCEFF
371,FFCAABCDD,AABCEFFDC,FFEDBAABC,EFFEDCBAA,AACDEEEEE,EEFEECBAA
372,FFEBBBBBC,AAABCCEFF,ABEEFEECB,AADEFEDCA,FFECBBBBC,EEEEEEBAA
373,FFDCBCBAB,AABCCCEFF,ABDDFEEDC,ECEEFDBAA,FFEECBBAA,EEFDDCBAA
374,ADEFFECBA,ECBBABCEF,ADEFEEDBA,BBBABDFFF,FFEECBAAA,AABBCDEFF
375,EBCFEEBAB,DECAADFEB,ACFFDBBCD,BAACDDFFE,EEDDDEDBA,DAADCCECF
376,DCAACDCFF,CDEEFECBA,DBAABDEFF,FFDCBAABE,AABCDEEEF,FEEEDCBAA
377,BCEFDCFDA,CFEEDAABE,BDFFFECAA,DFFDBABCC,DBBABCFFE,BABDFDCFF
378,EFEEECBAA,EEDECAACE,BCEFFEBAB,DFFCBAADE,FFEBBBBBB,BABBCCEFF
379,CBAACDEEF,FFEDCBABB,AACDDEEEF,CAABDDFFF,FFEDCCBAA,DDCABEEEC
380,BEFFEDBAA,EEEEFDBAA,AACDEEEEE,BEDAADFFD,FECAAACEF,FFDBAABDE
381,ACEFFEDBA,DEEEEDBAA,AACDEEEEE,AACDDEEEE,FFECAABCE,DCBAABEFF
382,AABCEEFEE,FFEECCABA,DBAACEEFF,BDFFEDCBA,CAABCDEFF,BBDEFEDBA
383,BABBBDFFF,CAEFDEAEA,CAABCDEFF,FFEDCBBAA,AABDCEEFF,DDEEEECAA
384,BBBCFFFCA,FECCBBBBC,AACDDDEFF,DAAACEFFE,FFEEDCBBA,BBBBCDEFD
385,EDACDFECA,EABDBBCEF,AACCDDEFC,CAABCEFFF,FFFDCBBAA,CBABCCEFF
386,AACCEEEEE,CDDEFFDBA,FECAABCEF,EFFEDCBAA,AABCDDEFF,FEFEDDCAA
387,EFFEDCBAA,DBBBBBCFF,BDEEEECBA,AADFECDEE,FFEECBBAA,BBBBBDEFF
388,AABCDFFEE,DEFEEDBAA,AABCDEEFF,DFFEDCBAA,ECAAACDFF,BABCDEFDD
389,CEFFEBCBA,ECBBFFEBA,AABBCDEFF,DFFEDCBAA,DBAABDEFF,BCCABFDEF
390,FFEBAABCD,BBAACEFFF,FFFECAABC,FFFECBAAB,AACDEEEED,FFEEECAAA
391,BCDEFECAA,FECCBABDF,ACBBCDEFF,BAABDEFFF,FFFEDCBAA,AABBCDEFF
392,EBEEDDBAE,AABEDCDEF,FEDEFEBAA,FEEBDECAA,ABEECBDFE,CABEFEBBD
393,ACEFEEDBA,FECBAABDF,ACEFFEDBA,AABBCDFFF,FFEEDBBAA,AABBCDEFF
394,FFDBAABDD,CDFEDDDBA,CBBAACEFF,FECBAABDE,ACEFEEDBA,FCAABDEFD
395,FFEDECBAA,BBACCCDFF,BEEEEDDBA,BAAEEEEEE,FFEDDCBAA,BBABCDEFF
396,FECAABCDE,AABCDDEFF,FFEEDCBAA,AACFFEDCC,AACDEEEED,FFEDBBBAB
397,DEFEEDCAA,FFEEDBBAA,AABBCDEFF,FFECBABBB,BBDFFCBDA,DDBBBBCFF
398,CCBAEFFDA,ABDFFEDBB,ACFFEBABC,BDFFEDBAA,EFDBAACEF,FECAACEFD
399,ABBAEFFDC,EFFECAABD,FDAABCDEF,AAEFEEDBA,EEEBAACEF,EBACFFDAB
400,DEEEBDEAA,CDCAABEFE,CBABEFFDB,BAACFEDDF,FFFDBAABB,CBBEFBADF
401,AABCDEFEF,FFEEECBAA,AABCDEEFF,FFEDCBBBA,BAABCEFFF,DCEEECCCA
402,EFFEDCBAA,CBBBBBDFF,ABCDDDFFB,CAABCDEFF,EFFEDCAAA,CBAABDEFF
403,FFCACBBCD,EEDDDCBBB,AABCDEEFF,FCAABDEEE,FFEEDBAAA,BBBCCEFFC
404,EEDAAFFCA,ADFDABBEF,EBDEFEAAB,CACFBDEDE,EEDCDFCAA,EEBADFDAC
405,ABBDCBEFF,EDBABEFED,AACDDDEFF,FFDCBBCBA,CDFFCAACF,EFECAACEE
406,EEEEDDBAB,ECAACDDEF,CCEFFCAAD,EBAABDEFE,DEEDDEEAA,BDEAACEEE
407,FDBBBBBEF,AABCCEFFE,FFEEDBAAB,CEFFDCAAB,AABDEEEEE,FEEEDCAAA
408,BBCDFDACF,FDBABEFDC,AACDDDEEF,FFECBBABC,DCBCEFFCA,ACEFDAACE
409,AACEDDFEC,CBEFFECAA,DCAABDEFF,CFFEECAAA,ECBCEFEAA,DABEFCADF
410,EEEEFEBAA,CABCCBEEF,AADEEEEDC,AABEFEEDC,FFEDCBBAB,AABDEFFCC
411,FFDCBBBBB,ABBCCEFFE,EDCBAACEF,FDBAACDEF,FFFECBBAA,CBABDEFEC
412,ADEFFECAA,EDBBAACEF,ADEFFEDBA,BBBABDEFF,FFEECBAAA,AABBCDEFF
413,BAEDEFBBE,DAADFFCCD,EFCABCEBD,ABCDDBBFF,DCDFEBABE,EABEFCADF
414,ACEFFEDBA,FECBAABDF,ACEFFEDCA,BBBABDEFF,FFEEDBBAA,AABBCDEFF
415,FDCBADEDD,AAACCDEFF,EEEEDDBAA,AABDFFEDC,CBAABEFFF,CDFDECABC
416,CBAACFFFE,BABBCEFFC,FEBAABDEE,EFFEDCBAA,AABDEEEEE,BBBCFFEBA
417,BCEEFEEAA,FEEEEDCAA,AABCDEEFF,CFFEBABBC,DDEFFCBBA,DDBBABDFF
418,DEFFECAAA,ABBDFFECB,AABBCEEFF,FFFDCBBAA,DBABDFFCC,EEABDAEDE
419,ABDDFCAEE,CAAEFDDED,ABEDCDFED,AACEDCEFF,FFEEDBAAA,DDABEBBFE
420,EECFFDDAA,FFEDDDBAA,AABBCDEFF,FFDBABBCD,ACEFDDEEA,DCABADEFF
421,ABBBCDEFF,DEEEEDBAA,AAACDEEFF,AAEFEEEDB,FECAAACEF,EEFEECBAA
422,CEFEEDACA,BBAADDEFF,DFEEAABED,FBAACDEEE,EFDAABCDF,EBAADFEDF
423,BDFFECCAA,FFFDCBBAA,AABCDDDEF,EFFCAABCD,FFCBDDCAA,DDCBBABEF
424,AABDDEEFE,EEEEEDCAA,FFDCABBBC,AAACDEFEE,FFEECBAAB,AABDDEFEE
425,CADEBDFEB,ADFDBADFE,AABFFECCD,CADEBDFEC,CCFFCBABE,FCBCFFCAB
426,BCBDFFDBA,CFFECAACE,FFCABBBCD,DFFEDBAAA,DCABDFFDA,AACEFFDBD
427,DCAAADEFF,EEEEEDCAA,BAABDEEFF,FFEDCBBAA,AACDEEEEE,EEEEEDCAA
428,CCBBFFFCA,DDCAABCEF,ABCDDDFFC,FDBBBBCDD,EEEDDEBAA,CCBCBBCFF
429,AABCBEFEE,BCBAACEFF,DEEFEDBAA,ECBAABDFF,AACBDEEFE,ECEDEFCAA
430,BBAACEEFF,EEEEEDCAA,CAABCEEFF,DFFEDCBAA,BAABDEEFF,BCDDEFECA
431,ACCCFDFBD,FEEEECBAA,AABCDEEFF,FFEDCBBBA,CBAABDEFF,FECCABEBD
432,CDEFEDBAA,FFECECBAB,ABCCDDCEF,EFFDBABBB,AADEEDFEA,DDBBCADEF
433,ECADCABFF,EFDBDBACF,FEDCEDBAA,CEFFDBAAC,ACAEEFEBD,EDEFECBAA
434,DBDEBACFE,CABFFCBCE,FCCCEEBBB,AAEEBEDDE,EECCBEFBA,BDFEAABFE
435,AABDEFEEE,EFFEDCBAA,AABDEEEEE,ACFDDEEDB,FFDBAABCE,AACDDFEEE
436,BDDFDDEBA,ABEFEDCCC,ABEFFEBBC,ADFFDCAAC,EFECBDDAA,BCEFDABEE
437,BBBBACEFF,DCBAEFDDA,ECAABCEFF,FFEDCBBAA,ABCBDEFEC,DEDEFEBAA
438,FFBBCBCBB,AABCCDFEF,AABDEEEEE,ECDFFCABA,FECBBABCE,EEFDACCDA
439,CFFEDCBBA,CCDFFECAA,AABCDEEFF,FFEDCCBBA,EDBAACDEF,FFBBCAECE
440,ADEFFECBA,FECBAABDF,ACEFFEDCA,BBBABDEFF,FFFEDBBAA,AABBCDEFF
441,FFDBCCBBB,BBBBCDEFF,ABCEFFECB,EEDEEAACB,FECAAEDDB,EECDDECCA
442,FFBBCCBDB,EFEEDDBAA,AABBCEFFF,EAABCEEEE,FFEECCBAA,ACCEDECED
443,EFEEEBBAA,ECBBBBBEF,ABCDDDFFA,AAABCEFFF,FFFEDCBAA,BAABCDEFF
444,FEEDEDAAA,BBBBBCEFF,ABCFDFDDB,AABEFEEDD,FFEDCBBAA,AACDEEEED
445,DBDFBACFD,BACFECBDF,FCACFDABD,ECDAADFDC,CEFCAADFC,ABDFEABDF
446,AACDEEEEE,EEFEDCBAA,AACDEEEEE,ABECCEFED,FECAAACEF,EFFDDBBAA
447,DEFFECBAA,DECCDDEDA,AADEEDCCF,EFFECBABB,EEAABEEDF,BBABCDDFF
448,EFEDEDBBA,BABEEFECB,FFDDCBAAB,ABFFEDCBA,ECAABBCFF,BAABDDEEF
449,AADDEEEED,FFFEDCBAA,AACDEEEEE,FFCAABDDC,FECBAACEF,ACDDEEEDA
450,ADEFFECAA,DCBBBBDFF,BEFFEDCAA,BBBABDEFF,FFEEDBAAA,AABBCDEFF
451,FFDBABBCD,AABDFEEEC,FEBAACDEF,FFEDCBBAB,AACDEEEEE,FFFEABBAA
452,FEAADEDDB,FEBCBBCBE,AABDEEEFD,FCAABCDEE,FFEECBBAA,BABBCDEFE
453,DEFFEDBAA,ABBBDEEFF,DFFFCABBA,FFECAABDC,AABCEFDCF,DABEDABFF
454,BDEDFDACC,CEDBAACFF,DDDFFECAA,CFFDBABDD,DCCBDBBFF,CAABEFDDF
455,EEEEEDBAA,DBBBBBDFF,AACDDDEFD,EBAABDEEF,FFFEDCBAA,AACDBCEFF
456,ACEFFECBA,ECBBABCFF,ADEFEECBA,BBBABDFFF,FFFECBAAA,AABBCDEFF
457,FFDBBBBBD,DABCBBDEF,AABDDEEEF,FEAABCDDD,FFEEDCBAA,FFDCBCBBB
458,AABCDDEEF,EEEEDCBAA,AACDEEEEE,AEFBBDEDA,FECBAACEF,CFFDCDDBA
459,BBBCBCEFF,DDDBEFDBA,EBAABDEFF,EFFEDCBAA,AABDCDEFF,DDEDEFDAA
460,EBADFCEBC,DAAFFECBC,BEFECEBAB,EAACBBEFF,ECAAADEFE,ADECBEFEA
461,DCBBABDFF,DBBBADFFC,FEEFCBAAB,DFFECAABE,AACDFFDBD,EEFECAABC
462,BCBABDEFE,EEEEDCCBA,AAACDEEFF,FFEDCBBBA,AABDEEEEE,EBABCFFDB
463,ECBFBEDAD,AADDCCFFE,DFECDECAA,EDAABEFEC,BDEFFDBAA,ACEEBADFE
464,FFCBBCBBB,BBAABDEFF,EFEEDCBAA,AACFFEDCB,AABDEEEEF,FEBBEEBBA
465,ECBBEAAEF,FFDCAAECB,CCCAACEFF,FECBAABEF,AACDFFDBD,EEFFECBAA
466,AABCDEEFE,FFEEDCCAA,AABCDEEFF,EFFDDCBAA,CBAABDEFF,ACDDEEFCA
467,AABEFFEDC,EFEACCCAC,AABCDEEFF,FDABBBDDD,FEDDEBBCA,BBBBBDEFF
468,FFFDCBBAA,ABBBDEEEF,AADEFEDDE,AAACDEEFF,FFEEDCBAA,CCBBBBEFF
469,FFFDCBBAA,CBBBABDFF,ABDEFFEBD,EFCAACEDC,FFEDCBBAA,ABBBCDEFF
470,BDFFEECAA,DCBABBDFF,BEFFEDCAA,BBBACDEFF,FFEECBAAA,AABBCDEFF
471,AABCBCEFF,DECBFECAB,ECAABDEFF,EFFEDCBAA,AACCCEEFE,CEEEFECAA
472,FFECBBABD,AABCDEEFE,FFECBAABC,EFEDBAABE,ABCDDEEEE,FFEDDBBAA
473,BCCBFFBAE,FEDBAADED,BBDFFFCAA,AABEFFEDD,FEEEBAACE,DECABDFEA
474,CDEFECDBA,ACFEEEDBC,FFECABCDA,AAACEFEED,FFEBAABED,BBEFCADFD
475,ABBBDEFFE,FFCBBBBBC,AABCCDEFF,FCABBCDDD,FFEEDCBAA,AABCBDFFE
476,FFECCCBAA,BCAACEDFF,AABCCDEFF,FBAACDEEE,FFFEDBBAA,FEDCABBDD
477,DEFECDCBA,AAACBDFEF,FECCDBAAD,DFFEDBAAA,DBABBCEFF,ABABDDEFF
478,FFEDCBBAA,BAABCDEFF,DEFEEDBAA,CBBBBDFFE,FFFEDBAAA,AABBCEEFF
479,ADFFFECAA,DCBBBBDFF,ADEFEECBA,BBBABDEFF,FFEECBAAA,AABBCDEFF
480,FFDCDCBAB,AABBCCDFF,BEEEEECBA,BBBCFFEBB,FFECAAACE,ABDBFECED
481,FFDABCBCD,FFDBCBBAD,AACDDDFFE,EBAABEEEE,FFFDCCABA,CCCDFFDBA
482,FEBACBCDE,ECEFECBBA,DBBAACEFF,FFECBAACD,CDEFFDBAA,AACCCFFEB
483,FFDBBCCBA,CBBABCEFF,FFEDCBABB,BDFFEDCAA,AAACDEEFF,FCCEDDECA
484,AABBCEEFF,EEEEEDBAA,AABCDEEFF,FFECCBBBA,CBAABDEFF,FFEDCBBAA
485,ECAABBDFF,CDEEEECBA,FFEDAABBC,CDFFEDBAA,AABCDEEEF,FFEDDCBAA
486,DEEDECABC,BABECCFFE,EEFECDCBA,AABEFEEDD,EFEAABDDF,EBAACEEEF
487,CBCFEFCBA,FFECDCBAB,ABBCCCDFF,FFECBABBC,CDEFFCAAA,EDBABAEEF
488,ADFFEDCBA,AABCCDFFE,FFCCDCBBA,AADFFEDCC,FFECCCBBA,ABBBCDDFF
489,EFFDDCBAA,BBBBBCEFF,EEEEEECAA,ACFEDBDDC,FFEDCCBAA,ABBBBDEFF
490,FFDCCCABB,CAABCCEFF,ACEFFEDBA,CBDFECADC,FFEDBAABC,CBABCFEDE
491,ABDCFFCDC,CDEEEFDAA,EFFEDCBAA,BDFFEDBAA,FEDBABDEF,ABBBCDEFF
492,FFEDDCBAA,BBABCDEFF,BEEEEDDBA,DBAAFEBEF,FFEDCBBAA,AABBDEFFF
493,AABCBCEFF,EEFCCECBA,FEBAABDEE,AABEFEEDC,EDBAACEEF,EDDEEFDBA
494,FFEDDCBAA,DDBBABCFF,ADEEFEEAA,BAABCEFFF,EFFEDCBAA,DCBBABDFF
495,FCAACEDDF,ACCCBBEEF,ABBDCDEFE,FEFDDCBAA,FFCBABCCC,DCDEEFBAA
496,ACBBEEFED,EEEEEDCAA,AABCDEEEF,FFDCCBBBA,AAACDEEFF,CBBCEEFEA
497,DECDFEDBA,FFECCBCAA,AABCEEFFD,ADEBADFEC,FFECCBAAA,BBABBDEFF
498,CCDFECABE,FEDBAABEF,DBAABDEFF,FFDBBBBBB,DFFDAABCC,BABEFFBBD
499,DFFEECBAA,BCDEFFDAA,AABDEEEEE,FFECBCCBA,CBAABDEFF,FFDCAABCD
